page,country,rev_id,score
List of politicians in Poland,Poland,516633096,"{'error': {'message': 'RevisionNotFound: Could not find revision ({revision}:516633096)', 'type': 'RevisionNotFound'}}"
Tingtingru,Vanuatu,550682925,"{'error': {'message': 'RevisionNotFound: Could not find revision ({revision}:550682925)', 'type': 'RevisionNotFound'}}"
Daud Arsala,Afghanistan,627547024,"{'error': {'message': 'RevisionNotFound: Could not find revision ({revision}:627547024)', 'type': 'RevisionNotFound'}}"
Bharat Saud,Nepal,671484594,"{'error': {'message': 'RevisionNotFound: Could not find revision ({revision}:671484594)', 'type': 'RevisionNotFound'}}"
Robert Sych,Poland,684023803,"{'error': {'message': 'RevisionNotFound: Could not find revision ({revision}:684023803)', 'type': 'RevisionNotFound'}}"
Marek Krzysztof Jeleniewski,Poland,684023859,"{'error': {'message': 'RevisionNotFound: Could not find revision ({revision}:684023859)', 'type': 'RevisionNotFound'}}"
Narayani Datt Chataut,Nepal,698572327,"{'error': {'message': 'RevisionNotFound: Could not find revision ({revision}:698572327)', 'type': 'RevisionNotFound'}}"
Mohammad Amjad,Pakistan,699260156,"{'error': {'message': 'TextDeleted: Text deleted (datasource.revision.text)', 'type': 'TextDeleted'}}"
Gomez das Mariñas,Spain,703773782,"{'error': {'message': 'RevisionNotFound: Could not find revision ({revision}:703773782)', 'type': 'RevisionNotFound'}}"
Valerio De Los Benidos,Cuba,706204833,"{'error': {'message': 'RevisionNotFound: Could not find revision ({revision}:706204833)', 'type': 'RevisionNotFound'}}"
Kamlesh Arya,Fiji,706810694,"{'error': {'message': 'RevisionNotFound: Could not find revision ({revision}:706810694)', 'type': 'RevisionNotFound'}}"
Khaled Aghbariyya,Israel,709508670,"{'error': {'message': 'RevisionNotFound: Could not find revision ({revision}:709508670)', 'type': 'RevisionNotFound'}}"
Vladimir Shamakhov,Russia,710311600,"{'error': {'message': 'RevisionNotFound: Could not find revision ({revision}:710311600)', 'type': 'RevisionNotFound'}}"
Panu Laturi,Finland,711288191,"{'error': {'message': 'RevisionNotFound: Could not find revision ({revision}:711288191)', 'type': 'RevisionNotFound'}}"
Michel Ximenes,France,711513274,"{'error': {'message': 'RevisionNotFound: Could not find revision ({revision}:711513274)', 'type': 'RevisionNotFound'}}"
I Gede Sumantara Ady Pratama,Indonesia,712411818,"{'error': {'message': 'RevisionNotFound: Could not find revision ({revision}:712411818)', 'type': 'RevisionNotFound'}}"
Łukasz Kowalski,Poland,712872338,"{'error': {'message': 'RevisionNotFound: Could not find revision ({revision}:712872338)', 'type': 'RevisionNotFound'}}"
Blanka Olszewska,Poland,712872421,"{'error': {'message': 'RevisionNotFound: Could not find revision ({revision}:712872421)', 'type': 'RevisionNotFound'}}"
Janusz Jerzy Drozdalski,Poland,712872473,"{'error': {'message': 'RevisionNotFound: Could not find revision ({revision}:712872473)', 'type': 'RevisionNotFound'}}"
Piotr Michał Trzaska,Poland,712872531,"{'error': {'message': 'RevisionNotFound: Could not find revision ({revision}:712872531)', 'type': 'RevisionNotFound'}}"
Anna Teresa Piórkowska,Poland,712873183,"{'error': {'message': 'RevisionNotFound: Could not find revision ({revision}:712873183)', 'type': 'RevisionNotFound'}}"
Edward Ignacy Hartwich,Poland,712873308,"{'error': {'message': 'RevisionNotFound: Could not find revision ({revision}:712873308)', 'type': 'RevisionNotFound'}}"
Lech Andrzej Zagłoba-Zygler,Poland,712873386,"{'error': {'message': 'RevisionNotFound: Could not find revision ({revision}:712873386)', 'type': 'RevisionNotFound'}}"
Elżbieta Teresa Rusielewicz,Poland,712878000,"{'error': {'message': 'RevisionNotFound: Could not find revision ({revision}:712878000)', 'type': 'RevisionNotFound'}}"
Adam Wojciech Fórmaniak,Poland,712878267,"{'error': {'message': 'RevisionNotFound: Could not find revision ({revision}:712878267)', 'type': 'RevisionNotFound'}}"
Zbigniew Józef Sobociński,Poland,712878343,"{'error': {'message': 'RevisionNotFound: Could not find revision ({revision}:712878343)', 'type': 'RevisionNotFound'}}"
Bernadeta Aldona Różańska-Majchrzak,Poland,712878396,"{'error': {'message': 'RevisionNotFound: Could not find revision ({revision}:712878396)', 'type': 'RevisionNotFound'}}"
Jarosław Wenderlich,Poland,712881543,"{'error': {'message': 'RevisionNotFound: Could not find revision ({revision}:712881543)', 'type': 'RevisionNotFound'}}"
Ewa Joanna Starosta,Poland,712881676,"{'error': {'message': 'RevisionNotFound: Could not find revision ({revision}:712881676)', 'type': 'RevisionNotFound'}}"
Stanisław Grodzicki (politician),Poland,712881741,"{'error': {'message': 'RevisionNotFound: Could not find revision ({revision}:712881741)', 'type': 'RevisionNotFound'}}"
Tadeusz Mirosław Kondrusiewicz,Poland,712881882,"{'error': {'message': 'RevisionNotFound: Could not find revision ({revision}:712881882)', 'type': 'RevisionNotFound'}}"
Wojciech Hieronim Nowacki,Poland,712889562,"{'error': {'message': 'RevisionNotFound: Could not find revision ({revision}:712889562)', 'type': 'RevisionNotFound'}}"
Jacek Rosół,Poland,712889594,"{'error': {'message': 'RevisionNotFound: Could not find revision ({revision}:712889594)', 'type': 'RevisionNotFound'}}"
Tomasz Jan Rega,Poland,712889683,"{'error': {'message': 'RevisionNotFound: Could not find revision ({revision}:712889683)', 'type': 'RevisionNotFound'}}"
Marek Henryk Gralik,Poland,712889781,"{'error': {'message': 'RevisionNotFound: Could not find revision ({revision}:712889781)', 'type': 'RevisionNotFound'}}"
Michał Piotr Sztybel,Poland,712889809,"{'error': {'message': 'RevisionNotFound: Could not find revision ({revision}:712889809)', 'type': 'RevisionNotFound'}}"
Jacek Andrzej Bukowski,Poland,712891291,"{'error': {'message': 'RevisionNotFound: Could not find revision ({revision}:712891291)', 'type': 'RevisionNotFound'}}"
Kazimierz Drozd,Poland,712891354,"{'error': {'message': 'RevisionNotFound: Could not find revision ({revision}:712891354)', 'type': 'RevisionNotFound'}}"
Lech Stanisław Lewandowski,Poland,712891378,"{'error': {'message': 'RevisionNotFound: Could not find revision ({revision}:712891378)', 'type': 'RevisionNotFound'}}"
Felicja Gwincińska,Poland,712891476,"{'error': {'message': 'RevisionNotFound: Could not find revision ({revision}:712891476)', 'type': 'RevisionNotFound'}}"
Shah Seyyed Ali Kazemi,Iran,713368646,"{'error': {'message': 'RevisionNotFound: Could not find revision ({revision}:713368646)', 'type': 'RevisionNotFound'}}"
Diabete Aboubacar Siriki,Ivorian,713381693,"{'error': {'message': 'RevisionNotFound: Could not find revision ({revision}:713381693)', 'type': 'RevisionNotFound'}}"
Fawzi al-Ghazzi,Syria,714352602,"{'error': {'message': 'TextDeleted: Text deleted (datasource.revision.text)', 'type': 'TextDeleted'}}"
Armin Halitović,Bosnia-Herzegovina,715273866,"{'error': {'message': 'RevisionNotFound: Could not find revision ({revision}:715273866)', 'type': 'RevisionNotFound'}}"
James H. Stuart,Canada,715457941,"{'error': {'message': 'RevisionNotFound: Could not find revision ({revision}:715457941)', 'type': 'RevisionNotFound'}}"
Gissur Petersson,Iceland,715534283,"{'error': {'message': 'RevisionNotFound: Could not find revision ({revision}:715534283)', 'type': 'RevisionNotFound'}}"
Amirsho Miraliyev,Tajikistan,715978328,"{'error': {'message': 'RevisionNotFound: Could not find revision ({revision}:715978328)', 'type': 'RevisionNotFound'}}"
Nicole Gauthier,France,717536136,"{'error': {'message': 'RevisionNotFound: Could not find revision ({revision}:717536136)', 'type': 'RevisionNotFound'}}"
Patrick van Ypersele de Strihou,Belgium,717917231,"{'error': {'message': 'RevisionNotFound: Could not find revision ({revision}:717917231)', 'type': 'RevisionNotFound'}}"
Bakhtiar Mahmud Kasuri,Pakistan,717927381,"{'error': {'message': 'RevisionNotFound: Could not find revision ({revision}:717927381)', 'type': 'RevisionNotFound'}}"
Friedrich Peus,Germany,719521006,"{'error': {'message': 'RevisionNotFound: Could not find revision ({revision}:719521006)', 'type': 'RevisionNotFound'}}"
Talib Garingan Pawaki,Philippines,719581803,"{'error': {'message': 'RevisionNotFound: Could not find revision ({revision}:719581803)', 'type': 'RevisionNotFound'}}"
Guglielmo Rapinett,Malta,719981739,"{'error': {'message': 'RevisionNotFound: Could not find revision ({revision}:719981739)', 'type': 'RevisionNotFound'}}"
Christian Raster,Germany,720054719,"{'error': {'message': 'RevisionNotFound: Could not find revision ({revision}:720054719)', 'type': 'RevisionNotFound'}}"
Kimball–Snow–Woolley family,United States,720356159,"{'error': {'message': 'RevisionNotFound: Could not find revision ({revision}:720356159)', 'type': 'RevisionNotFound'}}"
Malak Zmarak Khan Mandokhail,Pakistan,720688837,"{'error': {'message': 'RevisionNotFound: Could not find revision ({revision}:720688837)', 'type': 'RevisionNotFound'}}"
Francis Phips,United Kingdom,720856841,"{'error': {'message': 'RevisionNotFound: Could not find revision ({revision}:720856841)', 'type': 'RevisionNotFound'}}"
Constantino Salinas,Spain,720924221,"{'error': {'message': 'RevisionNotFound: Could not find revision ({revision}:720924221)', 'type': 'RevisionNotFound'}}"
Gu Jinchi,China,720953589,"{'error': {'message': 'RevisionNotFound: Could not find revision ({revision}:720953589)', 'type': 'RevisionNotFound'}}"
Emil Ragazzini,Croatia,720993927,"{'error': {'message': 'RevisionNotFound: Could not find revision ({revision}:720993927)', 'type': 'RevisionNotFound'}}"
Max Adolf Richter,Germany,721509220,"{'error': {'message': 'RevisionNotFound: Could not find revision ({revision}:721509220)', 'type': 'RevisionNotFound'}}"
Lourdes Aranda,Mexico,721856824,"{'error': {'message': 'RevisionNotFound: Could not find revision ({revision}:721856824)', 'type': 'RevisionNotFound'}}"
David J. Reimer,Canada,724052271,"{'error': {'message': 'RevisionNotFound: Could not find revision ({revision}:724052271)', 'type': 'RevisionNotFound'}}"
Eistein Rajaonary,Madagascar,726600165,"{'error': {'message': 'RevisionNotFound: Could not find revision ({revision}:726600165)', 'type': 'RevisionNotFound'}}"
Mahesh Kumar Malani,Pakistan,730950147,"{'error': {'message': 'RevisionNotFound: Could not find revision ({revision}:730950147)', 'type': 'RevisionNotFound'}}"
Patrick Nwakamma Ottih,Cameroon,734957625,"{'error': {'message': 'RevisionNotFound: Could not find revision ({revision}:734957625)', 'type': 'RevisionNotFound'}}"
Woman's National Democratic Club,United States,735966681,"{'error': {'message': 'RevisionNotFound: Could not find revision ({revision}:735966681)', 'type': 'RevisionNotFound'}}"
Liam Mac an Ultaigh,Ireland,736660951,"{'error': {'message': 'RevisionNotFound: Could not find revision ({revision}:736660951)', 'type': 'RevisionNotFound'}}"
Alois Buttinger,Austria,737123608,"{'error': {'message': 'RevisionNotFound: Could not find revision ({revision}:737123608)', 'type': 'RevisionNotFound'}}"
Mgeni Jadi Kadika,Tanzania,738480520,"{'error': {'message': 'RevisionNotFound: Could not find revision ({revision}:738480520)', 'type': 'RevisionNotFound'}}"
Marcel Hatch,Canada,738514517,"{'error': {'message': 'RevisionNotFound: Could not find revision ({revision}:738514517)', 'type': 'RevisionNotFound'}}"
Rajabboy Norkallayev,Tajikistan,738984692,"{'error': {'message': 'RevisionNotFound: Could not find revision ({revision}:738984692)', 'type': 'RevisionNotFound'}}"
Valérie Dupont,France,739115995,"{'error': {'message': 'RevisionNotFound: Could not find revision ({revision}:739115995)', 'type': 'RevisionNotFound'}}"
Françoise Foning,Cameroon,743770874,"{'error': {'message': 'RevisionNotFound: Could not find revision ({revision}:743770874)', 'type': 'RevisionNotFound'}}"
Peter O'Brien (politician),Ireland,744643166,"{'error': {'message': 'RevisionNotFound: Could not find revision ({revision}:744643166)', 'type': 'RevisionNotFound'}}"
Mahmoud Karem,Egypt,745915558,"{'error': {'message': 'RevisionNotFound: Could not find revision ({revision}:745915558)', 'type': 'RevisionNotFound'}}"
Bia Venâncio,Brazil,747688056,"{'error': {'message': 'RevisionNotFound: Could not find revision ({revision}:747688056)', 'type': 'RevisionNotFound'}}"
Pat Bridson,Ireland,747922835,"{'error': {'message': 'RevisionNotFound: Could not find revision ({revision}:747922835)', 'type': 'RevisionNotFound'}}"
Leonardo Dudan,Croatia,748601806,"{'error': {'message': 'RevisionNotFound: Could not find revision ({revision}:748601806)', 'type': 'RevisionNotFound'}}"
Wanmelbu,Vanuatu,749326717,"{'error': {'message': 'RevisionNotFound: Could not find revision ({revision}:749326717)', 'type': 'RevisionNotFound'}}"
Éric Faurot,France,749389032,"{'error': {'message': 'RevisionNotFound: Could not find revision ({revision}:749389032)', 'type': 'RevisionNotFound'}}"
Bruno Subtil,France,749546552,"{'error': {'message': 'RevisionNotFound: Could not find revision ({revision}:749546552)', 'type': 'RevisionNotFound'}}"
Thierry Gourlot,France,749699147,"{'error': {'message': 'RevisionNotFound: Could not find revision ({revision}:749699147)', 'type': 'RevisionNotFound'}}"
Jean-Marc de Lacoste-Lareymondie,France,749705073,"{'error': {'message': 'RevisionNotFound: Could not find revision ({revision}:749705073)', 'type': 'RevisionNotFound'}}"
List of personal coats of arms of Presidents of Haiti,Haiti,750849372,"{'error': {'message': 'RevisionNotFound: Could not find revision ({revision}:750849372)', 'type': 'RevisionNotFound'}}"
Diyar Khan Yaqubi,Pakistan,754739349,"{'error': {'message': 'RevisionNotFound: Could not find revision ({revision}:754739349)', 'type': 'RevisionNotFound'}}"
Arthur Gregorian,Armenia,756697478,"{'error': {'message': 'RevisionNotFound: Could not find revision ({revision}:756697478)', 'type': 'RevisionNotFound'}}"
Marcelo Cerqueira,Brazil,757313957,"{'error': {'message': 'RevisionNotFound: Could not find revision ({revision}:757313957)', 'type': 'RevisionNotFound'}}"
Ahmad Balal,Pakistan,757961591,"{'error': {'message': 'RevisionNotFound: Could not find revision ({revision}:757961591)', 'type': 'RevisionNotFound'}}"
Saifuddin Bohra,Pakistan,758706289,"{'error': {'message': 'RevisionNotFound: Could not find revision ({revision}:758706289)', 'type': 'RevisionNotFound'}}"
Saleh Al Shal,United Arab Emirates,760194556,"{'error': {'message': 'RevisionNotFound: Could not find revision ({revision}:760194556)', 'type': 'RevisionNotFound'}}"
Josef Siegele,Austria,760195376,"{'error': {'message': 'RevisionNotFound: Could not find revision ({revision}:760195376)', 'type': 'RevisionNotFound'}}"
Nikolay Baranov (politician),Russia,761821348,"{'error': {'message': 'RevisionNotFound: Could not find revision ({revision}:761821348)', 'type': 'RevisionNotFound'}}"
Kalthouma Nguembang,Chad,762816132,"{'error': {'message': 'RevisionNotFound: Could not find revision ({revision}:762816132)', 'type': 'RevisionNotFound'}}"
Leonora Linter,Estonia,763245610,"{'error': {'message': 'RevisionNotFound: Could not find revision ({revision}:763245610)', 'type': 'RevisionNotFound'}}"
Elisha Shapiro,United States,763558111,"{'error': {'message': 'RevisionNotFound: Could not find revision ({revision}:763558111)', 'type': 'RevisionNotFound'}}"
Lennox Farrell,Canada,764019224,"{'error': {'message': 'RevisionNotFound: Could not find revision ({revision}:764019224)', 'type': 'RevisionNotFound'}}"
Francois Willie Cloete,South Africa,764191934,"{'error': {'message': 'RevisionNotFound: Could not find revision ({revision}:764191934)', 'type': 'RevisionNotFound'}}"
Obuobia Darko-Opoku,Ghana,764911200,"{'error': {'message': 'RevisionNotFound: Could not find revision ({revision}:764911200)', 'type': 'RevisionNotFound'}}"
Emmanuel Odoi Lartey,Ghana,765228329,"{'error': {'message': 'RevisionNotFound: Could not find revision ({revision}:765228329)', 'type': 'RevisionNotFound'}}"
Zeev Schwartz,Israel,765662083,"{'error': {'message': 'RevisionNotFound: Could not find revision ({revision}:765662083)', 'type': 'RevisionNotFound'}}"
Jeferson Moreira,Brazil,765717347,"{'error': {'message': 'RevisionNotFound: Could not find revision ({revision}:765717347)', 'type': 'RevisionNotFound'}}"
Giammarco Montanari,Italy,766101638,"{'error': {'message': 'RevisionNotFound: Could not find revision ({revision}:766101638)', 'type': 'RevisionNotFound'}}"
Muhammad Abdul Haque,Bangladesh,768013050,"{'error': {'message': 'RevisionNotFound: Could not find revision ({revision}:768013050)', 'type': 'RevisionNotFound'}}"
Rajat Majumdar,India,768871687,"{'error': {'message': 'RevisionNotFound: Could not find revision ({revision}:768871687)', 'type': 'RevisionNotFound'}}"
Sheikh Zakaria Ansari,Iran,771213598,"{'error': {'message': 'RevisionNotFound: Could not find revision ({revision}:771213598)', 'type': 'RevisionNotFound'}}"
Muhammad Yar Khan Mandokhail,Pakistan,771642775,"{'error': {'message': 'RevisionNotFound: Could not find revision ({revision}:771642775)', 'type': 'RevisionNotFound'}}"
Isaura Gomes,Cape Verde,773323473,"{'error': {'message': 'RevisionNotFound: Could not find revision ({revision}:773323473)', 'type': 'RevisionNotFound'}}"
Hari Bahadur Rai,Nepal,773355081,"{'error': {'message': 'RevisionNotFound: Could not find revision ({revision}:773355081)', 'type': 'RevisionNotFound'}}"
Viviana Piñeiro,Uruguay,773601556,"{'error': {'message': 'RevisionNotFound: Could not find revision ({revision}:773601556)', 'type': 'RevisionNotFound'}}"
Khaled Negm,Egypt,774023957,"{'error': {'message': 'TextDeleted: Text deleted (datasource.revision.text)', 'type': 'TextDeleted'}}"
Phil Hobson,United Kingdom,774293013,"{'error': {'message': 'RevisionNotFound: Could not find revision ({revision}:774293013)', 'type': 'RevisionNotFound'}}"
John Palino,New Zealand,777163201,"{'error': {'message': 'RevisionNotFound: Could not find revision ({revision}:777163201)', 'type': 'RevisionNotFound'}}"
Larry Holmes (activist),United States,778388481,"{'error': {'message': 'RevisionNotFound: Could not find revision ({revision}:778388481)', 'type': 'RevisionNotFound'}}"
Debojeet Thaosen,India,778618827,"{'error': {'message': 'RevisionNotFound: Could not find revision ({revision}:778618827)', 'type': 'RevisionNotFound'}}"
Jacek Maciej Wenderlich,Poland,779101752,"{'error': {'message': 'RevisionNotFound: Could not find revision ({revision}:779101752)', 'type': 'RevisionNotFound'}}"
Mohamad Hamim Aliyas,Singapore,779135011,"{'error': {'message': 'RevisionNotFound: Could not find revision ({revision}:779135011)', 'type': 'RevisionNotFound'}}"
Chaudhry Zafar Iqbal Warraich,Pakistan,779954797,"{'error': {'message': 'RevisionNotFound: Could not find revision ({revision}:779954797)', 'type': 'RevisionNotFound'}}"
Rana Assad Amin,Pakistan,779957437,"{'error': {'message': 'RevisionNotFound: Could not find revision ({revision}:779957437)', 'type': 'RevisionNotFound'}}"
Batul Soltani,Iran,782170063,"{'error': {'message': 'RevisionNotFound: Could not find revision ({revision}:782170063)', 'type': 'RevisionNotFound'}}"
Marcia Dangremon,Brazil,782508289,"{'error': {'message': 'RevisionNotFound: Could not find revision ({revision}:782508289)', 'type': 'RevisionNotFound'}}"
Rose Sales,Brazil,783382630,"{'error': {'message': 'RevisionNotFound: Could not find revision ({revision}:783382630)', 'type': 'RevisionNotFound'}}"
Mariano Lazcano,Spain,786721553,"{'error': {'message': 'RevisionNotFound: Could not find revision ({revision}:786721553)', 'type': 'RevisionNotFound'}}"
Mian Fareed Abbas Kathia,Pakistan,787181453,"{'error': {'message': 'RevisionNotFound: Could not find revision ({revision}:787181453)', 'type': 'RevisionNotFound'}}"
Nihal Naj Ali Al-Awlaqi,Yemen,787353922,"{'error': {'message': 'RevisionNotFound: Could not find revision ({revision}:787353922)', 'type': 'RevisionNotFound'}}"
Abdolmajid Pirzadeh Jahromi,Iran,787391918,"{'error': {'message': 'RevisionNotFound: Could not find revision ({revision}:787391918)', 'type': 'RevisionNotFound'}}"
Abdul Latif Khalid Cheema,Pakistan,787398581,"{'error': {'message': 'RevisionNotFound: Could not find revision ({revision}:787398581)', 'type': 'RevisionNotFound'}}"
Thoraya Obaid,Saudi Arabia,788037971,"{'error': {'message': 'RevisionNotFound: Could not find revision ({revision}:788037971)', 'type': 'RevisionNotFound'}}"
Rahul Sinha,India,788289620,"{'error': {'message': 'RevisionNotFound: Could not find revision ({revision}:788289620)', 'type': 'RevisionNotFound'}}"
Mahesh Kumar,Pakistan,788310383,"{'error': {'message': 'RevisionNotFound: Could not find revision ({revision}:788310383)', 'type': 'RevisionNotFound'}}"
Vithal Chavan,India,788722110,"{'error': {'message': 'RevisionNotFound: Could not find revision ({revision}:788722110)', 'type': 'RevisionNotFound'}}"
Jaybahadur Hitan Magar,Nepal,788844423,"{'error': {'message': 'RevisionNotFound: Could not find revision ({revision}:788844423)', 'type': 'RevisionNotFound'}}"
Fernando Linera,Spain,789080627,"{'error': {'message': 'RevisionNotFound: Could not find revision ({revision}:789080627)', 'type': 'RevisionNotFound'}}"
Patrick Binder,France,789266166,"{'error': {'message': 'RevisionNotFound: Could not find revision ({revision}:789266166)', 'type': 'RevisionNotFound'}}"
Harald Haas (Pirate Party),Austria,789271422,"{'error': {'message': 'RevisionNotFound: Could not find revision ({revision}:789271422)', 'type': 'RevisionNotFound'}}"
Zhang Yuhuan,China,789281061,"{'error': {'message': 'RevisionNotFound: Could not find revision ({revision}:789281061)', 'type': 'RevisionNotFound'}}"
Saqib Idrees Taj,Pakistan,789285351,"{'error': {'message': 'RevisionNotFound: Could not find revision ({revision}:789285351)', 'type': 'RevisionNotFound'}}"
Hameeda Waheeduddin,Pakistan,789285762,"{'error': {'message': 'RevisionNotFound: Could not find revision ({revision}:789285762)', 'type': 'RevisionNotFound'}}"
Zheng Shekui,China,789286413,"{'error': {'message': 'RevisionNotFound: Could not find revision ({revision}:789286413)', 'type': 'RevisionNotFound'}}"
Prasanna Earnest,India,789444415,"{'error': {'message': 'RevisionNotFound: Could not find revision ({revision}:789444415)', 'type': 'RevisionNotFound'}}"
Chowdhary Balbir Singh,India,789736824,"{'error': {'message': 'RevisionNotFound: Could not find revision ({revision}:789736824)', 'type': 'RevisionNotFound'}}"
Arthur C. Watson,United States,789816636,"{'error': {'message': 'RevisionNotFound: Could not find revision ({revision}:789816636)', 'type': 'RevisionNotFound'}}"
Farouk Sharif,Philippines,790028876,"{'error': {'message': 'RevisionNotFound: Could not find revision ({revision}:790028876)', 'type': 'RevisionNotFound'}}"
Idoia Zenarrutzabeitia Beldarrain,Spain,790147995,"{'error': {'message': 'RevisionNotFound: Could not find revision ({revision}:790147995)', 'type': 'RevisionNotFound'}}"
Claybourn – Claiborne – Clayborn family,United States,791866288,"{'error': {'message': 'RevisionNotFound: Could not find revision ({revision}:791866288)', 'type': 'RevisionNotFound'}}"
N. Padmalochanan,India,792184018,"{'error': {'message': 'RevisionNotFound: Could not find revision ({revision}:792184018)', 'type': 'RevisionNotFound'}}"
Marko Selakovic,Serbia,792400552,"{'error': {'message': 'RevisionNotFound: Could not find revision ({revision}:792400552)', 'type': 'RevisionNotFound'}}"
Praveen Agrawal,India,792440851,"{'error': {'message': 'RevisionNotFound: Could not find revision ({revision}:792440851)', 'type': 'RevisionNotFound'}}"
Caleb Crosby,United States,792857662,"{'error': {'message': 'RevisionNotFound: Could not find revision ({revision}:792857662)', 'type': 'RevisionNotFound'}}"
Draft:John Johansson i Gränö,Sweden,792933603,"{'error': {'message': 'RevisionNotFound: Could not find revision ({revision}:792933603)', 'type': 'RevisionNotFound'}}"
Tibor Gaal de Hatvan,Hungary,793280504,"{'error': {'message': 'RevisionNotFound: Could not find revision ({revision}:793280504)', 'type': 'RevisionNotFound'}}"
Chukwuemeka Ihedioha,Nigeria,794311724,"{'error': {'message': 'TextDeleted: Text deleted (datasource.revision.text)', 'type': 'TextDeleted'}}"
Gregorei Alexandrovich,Russia,794409906,"{'error': {'message': 'RevisionNotFound: Could not find revision ({revision}:794409906)', 'type': 'RevisionNotFound'}}"
List of Ghana heads of state by age,Ghana,794866848,"{'error': {'message': 'RevisionNotFound: Could not find revision ({revision}:794866848)', 'type': 'RevisionNotFound'}}"
Alfred Moungara Moussotsi,Gabon,794990759,"{'error': {'message': 'RevisionNotFound: Could not find revision ({revision}:794990759)', 'type': 'RevisionNotFound'}}"
Fraz Wahlah,Pakistan,795588781,"{'error': {'message': 'RevisionNotFound: Could not find revision ({revision}:795588781)', 'type': 'RevisionNotFound'}}"
Hovik Jivanyan,Armenia,796744496,"{'error': {'message': 'RevisionNotFound: Could not find revision ({revision}:796744496)', 'type': 'RevisionNotFound'}}"
Stanford Morse,United States,796758810,"{'error': {'message': 'RevisionNotFound: Could not find revision ({revision}:796758810)', 'type': 'RevisionNotFound'}}"
Dan Hilton,Canada,797311794,"{'error': {'message': 'RevisionNotFound: Could not find revision ({revision}:797311794)', 'type': 'RevisionNotFound'}}"
Volodymyr Manzhosov,Ukraine,797902544,"{'error': {'message': 'RevisionNotFound: Could not find revision ({revision}:797902544)', 'type': 'RevisionNotFound'}}"
Jesse Spikes,United States,798615865,"{'error': {'message': 'RevisionNotFound: Could not find revision ({revision}:798615865)', 'type': 'RevisionNotFound'}}"
Maria Hadjipavlou,Cyprus,798891126,"{'error': {'message': 'RevisionNotFound: Could not find revision ({revision}:798891126)', 'type': 'RevisionNotFound'}}"
Darcie Lanthier,Canada,798952867,"{'error': {'message': 'RevisionNotFound: Could not find revision ({revision}:798952867)', 'type': 'RevisionNotFound'}}"
V. Sadasivan,India,799263010,"{'error': {'message': 'RevisionNotFound: Could not find revision ({revision}:799263010)', 'type': 'RevisionNotFound'}}"
Mohd Eekmal Ahmad,Malaysia,799540668,"{'error': {'message': 'RevisionNotFound: Could not find revision ({revision}:799540668)', 'type': 'RevisionNotFound'}}"
Raja Muhammad Akbar Khan,Pakistan,799880073,"{'error': {'message': 'RevisionNotFound: Could not find revision ({revision}:799880073)', 'type': 'RevisionNotFound'}}"
Rich Eychaner,United States,799933274,"{'error': {'message': 'RevisionNotFound: Could not find revision ({revision}:799933274)', 'type': 'RevisionNotFound'}}"
Michael McInerney,Ireland,800072571,"{'error': {'message': 'RevisionNotFound: Could not find revision ({revision}:800072571)', 'type': 'RevisionNotFound'}}"
Craig Huey,United States,800144885,"{'error': {'message': 'RevisionNotFound: Could not find revision ({revision}:800144885)', 'type': 'RevisionNotFound'}}"
Donald Jeffrey Large,United States,800299837,"{'error': {'message': 'RevisionNotFound: Could not find revision ({revision}:800299837)', 'type': 'RevisionNotFound'}}"
Dragan Klaric,Sweden,800471126,"{'error': {'message': 'RevisionNotFound: Could not find revision ({revision}:800471126)', 'type': 'RevisionNotFound'}}"
Bashir Ahmed Sarki,Pakistan,800574730,"{'error': {'message': 'RevisionNotFound: Could not find revision ({revision}:800574730)', 'type': 'RevisionNotFound'}}"
Siddique Nazmul Alam,Bangladesh,800707821,"{'error': {'message': 'RevisionNotFound: Could not find revision ({revision}:800707821)', 'type': 'RevisionNotFound'}}"
Georges Sada,Iraq,801177435,"{'error': {'message': 'RevisionNotFound: Could not find revision ({revision}:801177435)', 'type': 'RevisionNotFound'}}"
Anwara Ali,United Kingdom,801306872,"{'error': {'message': 'RevisionNotFound: Could not find revision ({revision}:801306872)', 'type': 'RevisionNotFound'}}"
Secular and Nationalist Jinnah,Pakistan,801536406,"{'error': {'message': 'RevisionNotFound: Could not find revision ({revision}:801536406)', 'type': 'RevisionNotFound'}}"
Ambedkarism,India,801563949,"{'error': {'message': 'RevisionNotFound: Could not find revision ({revision}:801563949)', 'type': 'RevisionNotFound'}}"
Rashid bin Humaid Al Nuaimi (Ajman),United Arab Emirates,801638735,"{'error': {'message': 'RevisionNotFound: Could not find revision ({revision}:801638735)', 'type': 'RevisionNotFound'}}"
Abhijit Pandya,United Kingdom,801696196,"{'error': {'message': 'RevisionNotFound: Could not find revision ({revision}:801696196)', 'type': 'RevisionNotFound'}}"
Ouyang Xiu,China,801835819,"{'error': {'message': 'TextDeleted: Text deleted (datasource.revision.text)', 'type': 'TextDeleted'}}"
Ali Asghar Khan (politician),Pakistan,802148439,"{'error': {'message': 'RevisionNotFound: Could not find revision ({revision}:802148439)', 'type': 'RevisionNotFound'}}"
List of politicians on Veep,United States,802302246,"{'error': {'message': 'RevisionNotFound: Could not find revision ({revision}:802302246)', 'type': 'RevisionNotFound'}}"
Daniel O'Neill (Royalist),Ireland,802445176,"{'error': {'message': 'TextDeleted: Text deleted (datasource.revision.text)', 'type': 'TextDeleted'}}"
Ananda Syahendar Perdana,Indonesia,802475516,"{'error': {'message': 'RevisionNotFound: Could not find revision ({revision}:802475516)', 'type': 'RevisionNotFound'}}"
Ezatullah Mujahid,Afghanistan,802515929,"{'error': {'message': 'RevisionNotFound: Could not find revision ({revision}:802515929)', 'type': 'RevisionNotFound'}}"
Maciej Filip Zegarski,Poland,802765034,"{'error': {'message': 'RevisionNotFound: Could not find revision ({revision}:802765034)', 'type': 'RevisionNotFound'}}"
Bernard Binlin Dadié,Ivorian,802904214,"{'error': {'message': 'TextDeleted: Text deleted (datasource.revision.text)', 'type': 'TextDeleted'}}"
Than Htay,Myanmar,802937732,"{'error': {'message': 'TextDeleted: Text deleted (datasource.revision.text)', 'type': 'TextDeleted'}}"
Anatoliy Peshko,Ukraine,803413615,"{'error': {'message': 'RevisionNotFound: Could not find revision ({revision}:803413615)', 'type': 'RevisionNotFound'}}"
Kevin Hardwick,United States,803484030,"{'error': {'message': 'RevisionNotFound: Could not find revision ({revision}:803484030)', 'type': 'RevisionNotFound'}}"
David Sparrow,Canada,803784385,"{'error': {'message': 'RevisionNotFound: Could not find revision ({revision}:803784385)', 'type': 'RevisionNotFound'}}"
Iftikhar Ahmed (Swiss lawmaker),Switzerland,804057093,"{'error': {'message': 'RevisionNotFound: Could not find revision ({revision}:804057093)', 'type': 'RevisionNotFound'}}"
João Victor Guedes,Brazil,804118645,"{'error': {'message': 'RevisionNotFound: Could not find revision ({revision}:804118645)', 'type': 'RevisionNotFound'}}"
Kampa Borgoyary,India,804158476,"{'error': {'message': 'RevisionNotFound: Could not find revision ({revision}:804158476)', 'type': 'RevisionNotFound'}}"
Lucia Lucchesi-Ghiselli,Italy,804473605,"{'error': {'message': 'RevisionNotFound: Could not find revision ({revision}:804473605)', 'type': 'RevisionNotFound'}}"
Lib Peck,United Kingdom,804697858,"{'error': {'message': 'RevisionNotFound: Could not find revision ({revision}:804697858)', 'type': 'RevisionNotFound'}}"
Dudley–Winthrop family,United States,804791599,"{'error': {'message': 'RevisionNotFound: Could not find revision ({revision}:804791599)', 'type': 'RevisionNotFound'}}"
Larry A. Kaczala,United States,804941978,"{'error': {'message': 'RevisionNotFound: Could not find revision ({revision}:804941978)', 'type': 'RevisionNotFound'}}"
William M. Rainach,United States,804945338,"{'error': {'message': 'RevisionNotFound: Could not find revision ({revision}:804945338)', 'type': 'RevisionNotFound'}}"
David J. Dwork,United States,804946658,"{'error': {'message': 'RevisionNotFound: Could not find revision ({revision}:804946658)', 'type': 'RevisionNotFound'}}"
Ron Crickenberger,United States,805031334,"{'error': {'message': 'RevisionNotFound: Could not find revision ({revision}:805031334)', 'type': 'RevisionNotFound'}}"
Lav Grigorije Pajkić,Serbia,805041930,"{'error': {'message': 'RevisionNotFound: Could not find revision ({revision}:805041930)', 'type': 'RevisionNotFound'}}"
Richards–Young family,United States,805211553,"{'error': {'message': 'RevisionNotFound: Could not find revision ({revision}:805211553)', 'type': 'RevisionNotFound'}}"
Ian Axton,United Kingdom,805420467,"{'error': {'message': 'RevisionNotFound: Could not find revision ({revision}:805420467)', 'type': 'RevisionNotFound'}}"
Kamrul Hasan Nasim,Bangladesh,805697623,"{'error': {'message': 'RevisionNotFound: Could not find revision ({revision}:805697623)', 'type': 'RevisionNotFound'}}"
Political positions of Pat Buchanan,United States,805788048,"{'error': {'message': 'RevisionNotFound: Could not find revision ({revision}:805788048)', 'type': 'RevisionNotFound'}}"
Hossein Khan Movaghar,Iran,805936041,"{'error': {'message': 'RevisionNotFound: Could not find revision ({revision}:805936041)', 'type': 'RevisionNotFound'}}"
Valeriy Panasenko,Moldova,805993160,"{'error': {'message': 'RevisionNotFound: Could not find revision ({revision}:805993160)', 'type': 'RevisionNotFound'}}"
Edivaldo Holanda Júnior,Brazil,806030859,"{'error': {'message': 'RevisionNotFound: Could not find revision ({revision}:806030859)', 'type': 'RevisionNotFound'}}"
Rajah Alon,Philippines,806179522,"{'error': {'message': 'RevisionNotFound: Could not find revision ({revision}:806179522)', 'type': 'RevisionNotFound'}}"
Golam Mohammad Rabbani,Bangladesh,806223655,"{'error': {'message': 'RevisionNotFound: Could not find revision ({revision}:806223655)', 'type': 'RevisionNotFound'}}"
Mohammed Naguib,Egypt,806372496,"{'error': {'message': 'TextDeleted: Text deleted (datasource.revision.text)', 'type': 'TextDeleted'}}"
Phillip Jackson,United States,806403304,"{'error': {'message': 'RevisionNotFound: Could not find revision ({revision}:806403304)', 'type': 'RevisionNotFound'}}"
Rajah Gambang,Philippines,806695084,"{'error': {'message': 'RevisionNotFound: Could not find revision ({revision}:806695084)', 'type': 'RevisionNotFound'}}"
Olajide Awosedo,Nigeria,806811023,"{'error': {'message': 'RevisionNotFound: Could not find revision ({revision}:806811023)', 'type': 'RevisionNotFound'}}"
William McMahon,Australia,807000274,"{'error': {'message': 'TextDeleted: Text deleted (datasource.revision.text)', 'type': 'TextDeleted'}}"
Dirtbag Left,United States,807161510,"{'error': {'message': 'RevisionNotFound: Could not find revision ({revision}:807161510)', 'type': 'RevisionNotFound'}}"
Guy Georgias,Zimbabwe,807196681,"{'error': {'message': 'TextDeleted: Text deleted (datasource.revision.text)', 'type': 'TextDeleted'}}"
John Rose (Trotskyist),United Kingdom,807336308,"{'error': {'message': 'RevisionNotFound: Could not find revision ({revision}:807336308)', 'type': 'RevisionNotFound'}}"
Jalal Movaghar,Iran,807367030,"{'error': {'message': 'RevisionNotFound: Could not find revision ({revision}:807367030)', 'type': 'RevisionNotFound'}}"
Mohsen Movaghar,Iran,807367166,"{'error': {'message': 'RevisionNotFound: Could not find revision ({revision}:807367166)', 'type': 'RevisionNotFound'}}"
King Gutierrez,Philippines,807479587,"{'error': {'message': 'RevisionNotFound: Could not find revision ({revision}:807479587)', 'type': 'RevisionNotFound'}}"
Ajay Kannoujiya,India,807484325,"{'error': {'message': 'RevisionNotFound: Could not find revision ({revision}:807484325)', 'type': 'RevisionNotFound'}}"
